run,bench,input,nodes,edges,working_set_bytes,working_set_note,dcache_size,policy,status,trace_rows,issued,span_cycles,ipc,read_misses,non_cold_misses,reuse_hit_pct,unique_lines,line_local_pct,overflow_sets,read_hit_pct,reuse_access_ratio,line_stride_64_plus_pct,max_unique_tags_per_set,same_set_tag_changes,artifact
54,bfs,graph32,32,188,1233,nodes=8*32B edges=4*188B masks=3*32B cost=4*32B over=1B,512,RR,ok,119136,1863,29813,0.062490,430,344,8,92,6.00,2,8,80.34,83.51,47,382,/home/ltj/2026urp/vortex_arb/worklogs/trace_runs/run54/RR/bfs
54,bfs,graph32,32,188,1233,nodes=8*32B edges=4*188B masks=3*32B cost=4*32B over=1B,512,GTO,ok,21788,1863,10392,0.179273,410,325,13,92,6.00,2,12,80.34,83.51,47,382,/home/ltj/2026urp/vortex_arb/worklogs/trace_runs/run54/GTO/bfs
54,bfs,graph32,32,188,1233,nodes=8*32B edges=4*188B masks=3*32B cost=4*32B over=1B,512,gCAWS,ok,90420,1863,29029,0.064177,430,344,8,92,6.00,2,8,80.34,83.51,47,382,/home/ltj/2026urp/vortex_arb/worklogs/trace_runs/run54/gCAWS/bfs
55,bfs,graph32,32,188,1233,nodes=8*32B edges=4*188B masks=3*32B cost=4*32B over=1B,1024,RR,ok,118800,1863,29693,0.062742,423,337,10,92,6.00,4,9,80.34,83.51,40,375,/home/ltj/2026urp/vortex_arb/worklogs/trace_runs/run55/RR/bfs
55,bfs,graph32,32,188,1233,nodes=8*32B edges=4*188B masks=3*32B cost=4*32B over=1B,1024,GTO,ok,21374,1863,9944,0.187349,403,318,15,92,6.00,4,13,80.34,83.51,40,375,/home/ltj/2026urp/vortex_arb/worklogs/trace_runs/run55/GTO/bfs
55,bfs,graph32,32,188,1233,nodes=8*32B edges=4*188B masks=3*32B cost=4*32B over=1B,1024,gCAWS,ok,90774,1863,28924,0.064410,417,331,11,92,6.00,4,10,80.34,83.51,40,375,/home/ltj/2026urp/vortex_arb/worklogs/trace_runs/run55/gCAWS/bfs
56,bfs,graph32,32,188,1233,nodes=8*32B edges=4*188B masks=3*32B cost=4*32B over=1B,2048,RR,ok,96797,1863,29717,0.062691,388,318,15,92,6.00,2,17,80.34,83.51,36,355,/home/ltj/2026urp/vortex_arb/worklogs/trace_runs/run56/RR/bfs
56,bfs,graph32,32,188,1233,nodes=8*32B edges=4*188B masks=3*32B cost=4*32B over=1B,2048,GTO,ok,18825,1863,10272,0.181367,379,309,17,92,6.00,2,19,80.34,83.51,36,354,/home/ltj/2026urp/vortex_arb/worklogs/trace_runs/run56/GTO/bfs
56,bfs,graph32,32,188,1233,nodes=8*32B edges=4*188B masks=3*32B cost=4*32B over=1B,2048,gCAWS,ok,90194,1863,28899,0.064466,381,311,17,92,6.00,2,18,80.34,83.51,36,354,/home/ltj/2026urp/vortex_arb/worklogs/trace_runs/run56/gCAWS/bfs
57,bfs,graph32,32,188,1233,nodes=8*32B edges=4*188B masks=3*32B cost=4*32B over=1B,4096,RR,ok,118117,1863,29723,0.062679,370,306,18,92,6.42,2,20,80.34,83.51,33,353,/home/ltj/2026urp/vortex_arb/worklogs/trace_runs/run57/RR/bfs
57,bfs,graph32,32,188,1233,nodes=8*32B edges=4*188B masks=3*32B cost=4*32B over=1B,4096,GTO,ok,18552,1863,10292,0.181014,349,288,23,92,6.42,2,25,80.34,83.51,33,353,/home/ltj/2026urp/vortex_arb/worklogs/trace_runs/run57/GTO/bfs
57,bfs,graph32,32,188,1233,nodes=8*32B edges=4*188B masks=3*32B cost=4*32B over=1B,4096,gCAWS,ok,90442,1863,28908,0.064446,363,303,19,92,6.42,2,22,80.34,83.51,33,353,/home/ltj/2026urp/vortex_arb/worklogs/trace_runs/run57/gCAWS/bfs
58,bfs,graph32,32,188,1233,nodes=8*32B edges=4*188B masks=3*32B cost=4*32B over=1B,8192,RR,ok,118105,1863,29759,0.062603,363,302,19,92,6.42,2,22,80.34,83.51,32,353,/home/ltj/2026urp/vortex_arb/worklogs/trace_runs/run58/RR/bfs
58,bfs,graph32,32,188,1233,nodes=8*32B edges=4*188B masks=3*32B cost=4*32B over=1B,8192,GTO,ok,20588,1863,10292,0.181014,342,282,25,92,6.42,2,26,80.34,83.51,32,353,/home/ltj/2026urp/vortex_arb/worklogs/trace_runs/run58/GTO/bfs
58,bfs,graph32,32,188,1233,nodes=8*32B edges=4*188B masks=3*32B cost=4*32B over=1B,8192,gCAWS,ok,89590,1863,28915,0.064430,349,289,23,92,6.42,2,25,80.34,83.51,32,353,/home/ltj/2026urp/vortex_arb/worklogs/trace_runs/run58/gCAWS/bfs
59,bfs,graph32,32,188,1233,nodes=8*32B edges=4*188B masks=3*32B cost=4*32B over=1B,16384,RR,ok,118105,1863,29759,0.062603,363,302,19,92,6.42,2,22,80.34,83.51,32,353,/home/ltj/2026urp/vortex_arb/worklogs/trace_runs/run59/RR/bfs
59,bfs,graph32,32,188,1233,nodes=8*32B edges=4*188B masks=3*32B cost=4*32B over=1B,16384,GTO,ok,20588,1863,10292,0.181014,342,282,25,92,6.42,2,26,80.34,83.51,32,353,/home/ltj/2026urp/vortex_arb/worklogs/trace_runs/run59/GTO/bfs
59,bfs,graph32,32,188,1233,nodes=8*32B edges=4*188B masks=3*32B cost=4*32B over=1B,16384,gCAWS,ok,89590,1863,28915,0.064430,349,289,23,92,6.42,2,25,80.34,83.51,32,353,/home/ltj/2026urp/vortex_arb/worklogs/trace_runs/run59/gCAWS/bfs
60,bfs,graph32,32,188,1233,nodes=8*32B edges=4*188B masks=3*32B cost=4*32B over=1B,32768,RR,ok,118105,1863,29759,0.062603,363,302,19,92,6.42,2,22,80.34,83.51,32,353,/home/ltj/2026urp/vortex_arb/worklogs/trace_runs/run60/RR/bfs
60,bfs,graph32,32,188,1233,nodes=8*32B edges=4*188B masks=3*32B cost=4*32B over=1B,32768,GTO,ok,20588,1863,10292,0.181014,342,282,25,92,6.42,2,26,80.34,83.51,32,353,/home/ltj/2026urp/vortex_arb/worklogs/trace_runs/run60/GTO/bfs
60,bfs,graph32,32,188,1233,nodes=8*32B edges=4*188B masks=3*32B cost=4*32B over=1B,32768,gCAWS,ok,89590,1863,28915,0.064430,349,289,23,92,6.42,2,25,80.34,83.51,32,353,/home/ltj/2026urp/vortex_arb/worklogs/trace_runs/run60/gCAWS/bfs
61,bfs,graph64,64,376,2465,nodes=8*64B edges=4*376B masks=3*64B cost=4*64B over=1B,512,RR,ok,147808,4288,35630,0.120348,868,697,6,176,5.31,2,6,80.95,84.72,89,790,/home/ltj/2026urp/vortex_arb/worklogs/trace_runs/run61/RR/bfs
61,bfs,graph64,64,376,2465,nodes=8*64B edges=4*376B masks=3*64B cost=4*64B over=1B,512,GTO,ok,51429,4288,17498,0.245057,862,691,7,176,4.88,2,6,80.95,84.72,89,779,/home/ltj/2026urp/vortex_arb/worklogs/trace_runs/run61/GTO/bfs
61,bfs,graph64,64,376,2465,nodes=8*64B edges=4*376B masks=3*64B cost=4*64B over=1B,512,gCAWS,ok,78509,4288,34932,0.122753,869,698,6,176,4.55,2,5,80.95,84.72,89,783,/home/ltj/2026urp/vortex_arb/worklogs/trace_runs/run61/gCAWS/bfs
62,bfs,graph64,64,376,2465,nodes=8*64B edges=4*376B masks=3*64B cost=4*64B over=1B,1024,RR,ok,146695,4288,35603,0.120439,847,682,8,176,5.20,4,8,80.95,84.94,76,779,/home/ltj/2026urp/vortex_arb/worklogs/trace_runs/run62/RR/bfs
62,bfs,graph64,64,376,2465,nodes=8*64B edges=4*376B masks=3*64B cost=4*64B over=1B,1024,GTO,ok,55734,4288,17229,0.248883,832,667,10,176,4.98,4,9,80.95,84.83,76,769,/home/ltj/2026urp/vortex_arb/worklogs/trace_runs/run62/GTO/bfs
62,bfs,graph64,64,376,2465,nodes=8*64B edges=4*376B masks=3*64B cost=4*64B over=1B,1024,gCAWS,ok,77192,4288,50796,0.084416,843,675,9,176,4.55,4,8,80.95,84.72,76,777,/home/ltj/2026urp/vortex_arb/worklogs/trace_runs/run62/gCAWS/bfs
63,bfs,graph64,64,376,2465,nodes=8*64B edges=4*376B masks=3*64B cost=4*64B over=1B,2048,RR,ok,171587,4288,35544,0.120639,824,669,10,176,5.09,8,10,80.95,84.94,70,735,/home/ltj/2026urp/vortex_arb/worklogs/trace_runs/run63/RR/bfs
63,bfs,graph64,64,376,2465,nodes=8*64B edges=4*376B masks=3*64B cost=4*64B over=1B,2048,GTO,ok,50825,4288,17125,0.250394,819,657,12,176,4.66,8,11,80.95,84.51,70,729,/home/ltj/2026urp/vortex_arb/worklogs/trace_runs/run63/GTO/bfs
63,bfs,graph64,64,376,2465,nodes=8*64B edges=4*376B masks=3*64B cost=4*64B over=1B,2048,gCAWS,ok,100580,4288,34746,0.123410,810,650,13,176,4.55,8,12,80.95,84.94,70,727,/home/ltj/2026urp/vortex_arb/worklogs/trace_runs/run63/gCAWS/bfs
64,bfs,graph64,64,376,2465,nodes=8*64B edges=4*376B masks=3*64B cost=4*64B over=1B,4096,RR,ok,197502,4288,35493,0.120813,762,631,15,176,5.09,2,17,80.95,84.94,67,730,/home/ltj/2026urp/vortex_arb/worklogs/trace_runs/run64/RR/bfs
64,bfs,graph64,64,376,2465,nodes=8*64B edges=4*376B masks=3*64B cost=4*64B over=1B,4096,GTO,ok,49179,4288,16931,0.253263,753,624,16,176,4.77,2,18,80.95,84.72,67,728,/home/ltj/2026urp/vortex_arb/worklogs/trace_runs/run64/GTO/bfs
64,bfs,graph64,64,376,2465,nodes=8*64B edges=4*376B masks=3*64B cost=4*64B over=1B,4096,gCAWS,ok,94440,4288,34036,0.125984,755,627,16,176,4.88,2,18,80.95,84.72,67,728,/home/ltj/2026urp/vortex_arb/worklogs/trace_runs/run64/gCAWS/bfs
65,bfs,graph64,64,376,2465,nodes=8*64B edges=4*376B masks=3*64B cost=4*64B over=1B,8192,RR,ok,196366,4288,35815,0.119726,743,617,17,176,5.09,2,19,80.95,84.94,65,732,/home/ltj/2026urp/vortex_arb/worklogs/trace_runs/run65/RR/bfs
65,bfs,graph64,64,376,2465,nodes=8*64B edges=4*376B masks=3*64B cost=4*64B over=1B,8192,GTO,ok,53942,4288,16795,0.255314,745,620,17,176,4.77,2,19,80.95,84.51,65,724,/home/ltj/2026urp/vortex_arb/worklogs/trace_runs/run65/GTO/bfs
65,bfs,graph64,64,376,2465,nodes=8*64B edges=4*376B masks=3*64B cost=4*64B over=1B,8192,gCAWS,ok,88968,4288,33562,0.127764,743,617,17,176,4.98,2,19,80.95,84.51,65,724,/home/ltj/2026urp/vortex_arb/worklogs/trace_runs/run65/gCAWS/bfs
66,bfs,graph64,64,376,2465,nodes=8*64B edges=4*376B masks=3*64B cost=4*64B over=1B,16384,RR,ok,196132,4288,35789,0.119813,737,612,18,176,5.09,2,20,80.95,84.94,64,732,/home/ltj/2026urp/vortex_arb/worklogs/trace_runs/run66/RR/bfs
66,bfs,graph64,64,376,2465,nodes=8*64B edges=4*376B masks=3*64B cost=4*64B over=1B,16384,GTO,ok,53992,4288,16831,0.254768,739,617,17,176,4.77,2,20,80.95,84.51,64,724,/home/ltj/2026urp/vortex_arb/worklogs/trace_runs/run66/GTO/bfs
66,bfs,graph64,64,376,2465,nodes=8*64B edges=4*376B masks=3*64B cost=4*64B over=1B,16384,gCAWS,ok,92949,4288,33999,0.126121,745,623,16,176,4.98,2,19,80.95,84.51,64,724,/home/ltj/2026urp/vortex_arb/worklogs/trace_runs/run66/gCAWS/bfs
67,bfs,graph64,64,376,2465,nodes=8*64B edges=4*376B masks=3*64B cost=4*64B over=1B,32768,RR,ok,196132,4288,35789,0.119813,737,612,18,176,5.09,2,20,80.95,84.94,64,732,/home/ltj/2026urp/vortex_arb/worklogs/trace_runs/run67/RR/bfs
67,bfs,graph64,64,376,2465,nodes=8*64B edges=4*376B masks=3*64B cost=4*64B over=1B,32768,GTO,ok,53992,4288,16831,0.254768,739,617,17,176,4.77,2,20,80.95,84.51,64,724,/home/ltj/2026urp/vortex_arb/worklogs/trace_runs/run67/GTO/bfs
67,bfs,graph64,64,376,2465,nodes=8*64B edges=4*376B masks=3*64B cost=4*64B over=1B,32768,gCAWS,ok,92949,4288,33999,0.126121,745,623,16,176,4.98,2,19,80.95,84.51,64,724,/home/ltj/2026urp/vortex_arb/worklogs/trace_runs/run67/gCAWS/bfs
68,bfs,graph128,128,754,4937,nodes=8*128B edges=4*754B masks=3*128B cost=4*128B over=1B,512,RR,ok,189540,8448,46182,0.182928,1727,1386,7,345,5.01,2,5,81.21,85.07,173,1568,/home/ltj/2026urp/vortex_arb/worklogs/trace_runs/run68/RR/bfs
68,bfs,graph128,128,754,4937,nodes=8*128B edges=4*754B masks=3*128B cost=4*128B over=1B,512,GTO,ok,182636,8448,28828,0.293048,1736,1401,6,345,4.41,2,5,81.21,85.61,173,1573,/home/ltj/2026urp/vortex_arb/worklogs/trace_runs/run68/GTO/bfs
68,bfs,graph128,128,754,4937,nodes=8*128B edges=4*754B masks=3*128B cost=4*128B over=1B,512,gCAWS,ok,186941,8448,43892,0.192472,1761,1422,4,345,4.80,2,4,81.21,85.01,173,1577,/home/ltj/2026urp/vortex_arb/worklogs/trace_runs/run68/gCAWS/bfs
69,bfs,graph128,128,754,4937,nodes=8*128B edges=4*754B masks=3*128B cost=4*128B over=1B,1024,RR,ok,188101,8448,46168,0.182984,1718,1379,7,345,5.01,4,6,81.21,85.07,151,1559,/home/ltj/2026urp/vortex_arb/worklogs/trace_runs/run69/RR/bfs
69,bfs,graph128,128,754,4937,nodes=8*128B edges=4*754B masks=3*128B cost=4*128B over=1B,1024,GTO,ok,180415,8448,28380,0.297674,1706,1378,7,345,4.36,4,7,81.21,85.61,151,1558,/home/ltj/2026urp/vortex_arb/worklogs/trace_runs/run69/GTO/bfs
69,bfs,graph128,128,754,4937,nodes=8*128B edges=4*754B masks=3*128B cost=4*128B over=1B,1024,gCAWS,ok,185072,8448,43059,0.196196,1758,1425,4,345,4.74,4,4,81.21,85.12,151,1562,/home/ltj/2026urp/vortex_arb/worklogs/trace_runs/run69/gCAWS/bfs
70,bfs,graph128,128,754,4937,nodes=8*128B edges=4*754B masks=3*128B cost=4*128B over=1B,2048,RR,ok,187628,8448,46206,0.182833,1679,1360,8,345,5.01,8,8,81.21,85.07,139,1481,/home/ltj/2026urp/vortex_arb/worklogs/trace_runs/run70/RR/bfs
70,bfs,graph128,128,754,4937,nodes=8*128B edges=4*754B masks=3*128B cost=4*128B over=1B,2048,GTO,ok,178931,8448,28163,0.299968,1661,1348,9,345,4.41,8,9,81.21,85.61,139,1470,/home/ltj/2026urp/vortex_arb/worklogs/trace_runs/run70/GTO/bfs
70,bfs,graph128,128,754,4937,nodes=8*128B edges=4*754B masks=3*128B cost=4*128B over=1B,2048,gCAWS,ok,184692,8448,42956,0.196666,1709,1380,7,345,4.80,8,6,81.21,85.01,139,1477,/home/ltj/2026urp/vortex_arb/worklogs/trace_runs/run70/gCAWS/bfs
71,bfs,graph128,128,754,4937,nodes=8*128B edges=4*754B masks=3*128B cost=4*128B over=1B,4096,RR,ok,185673,8448,46161,0.183012,1624,1325,11,345,4.96,16,11,81.21,85.18,134,1470,/home/ltj/2026urp/vortex_arb/worklogs/trace_runs/run71/RR/bfs
71,bfs,graph128,128,754,4937,nodes=8*128B edges=4*754B masks=3*128B cost=4*128B over=1B,4096,GTO,ok,179287,8448,28694,0.294417,1581,1300,12,345,4.47,16,13,81.21,85.50,134,1468,/home/ltj/2026urp/vortex_arb/worklogs/trace_runs/run71/GTO/bfs
71,bfs,graph128,128,754,4937,nodes=8*128B edges=4*754B masks=3*128B cost=4*128B over=1B,4096,gCAWS,ok,184112,8448,42964,0.196630,1628,1333,10,345,4.80,16,11,81.21,85.01,134,1469,/home/ltj/2026urp/vortex_arb/worklogs/trace_runs/run71/gCAWS/bfs
72,bfs,graph128,128,754,4937,nodes=8*128B edges=4*754B masks=3*128B cost=4*128B over=1B,8192,RR,ok,216167,8448,45997,0.183664,1520,1263,15,345,4.96,2,17,81.21,85.12,130,1468,/home/ltj/2026urp/vortex_arb/worklogs/trace_runs/run72/RR/bfs
72,bfs,graph128,128,754,4937,nodes=8*128B edges=4*754B masks=3*128B cost=4*128B over=1B,8192,GTO,ok,179537,8448,27990,0.301822,1518,1266,15,345,4.31,2,17,81.21,85.89,130,1467,/home/ltj/2026urp/vortex_arb/worklogs/trace_runs/run72/GTO/bfs
72,bfs,graph128,128,754,4937,nodes=8*128B edges=4*754B masks=3*128B cost=4*128B over=1B,8192,gCAWS,ok,182210,8448,42286,0.199782,1514,1260,15,345,4.69,2,17,81.21,85.01,130,1477,/home/ltj/2026urp/vortex_arb/worklogs/trace_runs/run72/gCAWS/bfs
73,bfs,graph128,128,754,4937,nodes=8*128B edges=4*754B masks=3*128B cost=4*128B over=1B,16384,RR,ok,301678,8448,45988,0.183700,1506,1254,15,345,4.96,2,17,81.21,85.29,129,1471,/home/ltj/2026urp/vortex_arb/worklogs/trace_runs/run73/RR/bfs
73,bfs,graph128,128,754,4937,nodes=8*128B edges=4*754B masks=3*128B cost=4*128B over=1B,16384,GTO,ok,171228,8448,28329,0.298210,1504,1253,15,345,4.36,2,18,81.21,85.72,129,1460,/home/ltj/2026urp/vortex_arb/worklogs/trace_runs/run73/GTO/bfs
73,bfs,graph128,128,754,4937,nodes=8*128B edges=4*754B masks=3*128B cost=4*128B over=1B,16384,gCAWS,ok,182822,8448,42879,0.197020,1516,1262,15,345,4.74,2,17,81.21,84.96,129,1471,/home/ltj/2026urp/vortex_arb/worklogs/trace_runs/run73/gCAWS/bfs
74,bfs,graph128,128,754,4937,nodes=8*128B edges=4*754B masks=3*128B cost=4*128B over=1B,32768,RR,ok,301592,8448,45967,0.183784,1498,1251,16,345,4.96,2,18,81.21,85.29,128,1471,/home/ltj/2026urp/vortex_arb/worklogs/trace_runs/run74/RR/bfs
74,bfs,graph128,128,754,4937,nodes=8*128B edges=4*754B masks=3*128B cost=4*128B over=1B,32768,GTO,ok,170964,8448,28294,0.298579,1490,1240,16,345,4.41,2,18,81.21,85.61,128,1456,/home/ltj/2026urp/vortex_arb/worklogs/trace_runs/run74/GTO/bfs
74,bfs,graph128,128,754,4937,nodes=8*128B edges=4*754B masks=3*128B cost=4*128B over=1B,32768,gCAWS,ok,182303,8448,42894,0.196951,1501,1250,16,345,4.74,2,18,81.21,84.96,128,1471,/home/ltj/2026urp/vortex_arb/worklogs/trace_runs/run74/gCAWS/bfs
75,bfs,graph256,256,1496,9825,nodes=8*256B edges=4*1496B masks=3*256B cost=4*256B over=1B,512,RR,ok,625179,17408,67595,0.257534,3441,2776,6,683,4.67,2,5,81.34,85.71,342,3180,/home/ltj/2026urp/vortex_arb/worklogs/trace_runs/run75/RR/bfs
75,bfs,graph256,256,1496,9825,nodes=8*256B edges=4*1496B masks=3*256B cost=4*256B over=1B,512,GTO,ok,414471,17408,48978,0.355425,3414,2759,7,683,4.04,2,6,81.34,86.36,342,3159,/home/ltj/2026urp/vortex_arb/worklogs/trace_runs/run75/GTO/bfs
75,bfs,graph256,256,1496,9825,nodes=8*256B edges=4*1496B masks=3*256B cost=4*256B over=1B,512,gCAWS,ok,493411,17408,67177,0.259136,3446,2779,6,683,4.65,2,5,81.34,85.71,342,3144,/home/ltj/2026urp/vortex_arb/worklogs/trace_runs/run75/gCAWS/bfs
76,bfs,graph256,256,1496,9825,nodes=8*256B edges=4*1496B masks=3*256B cost=4*256B over=1B,1024,RR,ok,624571,17408,68161,0.255395,3421,2762,7,683,4.62,4,6,81.34,85.76,300,3154,/home/ltj/2026urp/vortex_arb/worklogs/trace_runs/run76/RR/bfs
76,bfs,graph256,256,1496,9825,nodes=8*256B edges=4*1496B masks=3*256B cost=4*256B over=1B,1024,GTO,ok,402727,17408,48704,0.357424,3380,2734,8,683,4.02,4,7,81.34,86.34,300,3128,/home/ltj/2026urp/vortex_arb/worklogs/trace_runs/run76/GTO/bfs
76,bfs,graph256,256,1496,9825,nodes=8*256B edges=4*1496B masks=3*256B cost=4*256B over=1B,1024,gCAWS,ok,486585,17408,65903,0.264146,3421,2761,7,683,4.65,4,6,81.34,85.71,300,3098,/home/ltj/2026urp/vortex_arb/worklogs/trace_runs/run76/gCAWS/bfs
77,bfs,graph256,256,1496,9825,nodes=8*256B edges=4*1496B masks=3*256B cost=4*256B over=1B,2048,RR,ok,621727,17408,67298,0.258670,3428,2777,6,683,4.62,8,6,81.34,85.82,279,2992,/home/ltj/2026urp/vortex_arb/worklogs/trace_runs/run77/RR/bfs
77,bfs,graph256,256,1496,9825,nodes=8*256B edges=4*1496B masks=3*256B cost=4*256B over=1B,2048,GTO,ok,403744,17408,49398,0.352403,3424,2775,6,683,4.15,8,6,81.34,86.28,279,2966,/home/ltj/2026urp/vortex_arb/worklogs/trace_runs/run77/GTO/bfs
77,bfs,graph256,256,1496,9825,nodes=8*256B edges=4*1496B masks=3*256B cost=4*256B over=1B,2048,gCAWS,ok,496116,17408,66332,0.262437,3473,2810,5,683,4.76,8,5,81.34,85.71,279,2947,/home/ltj/2026urp/vortex_arb/worklogs/trace_runs/run77/gCAWS/bfs
78,bfs,graph256,256,1496,9825,nodes=8*256B edges=4*1496B masks=3*256B cost=4*256B over=1B,4096,RR,ok,575805,17408,68161,0.255395,3334,2706,9,683,4.51,16,8,81.34,85.84,267,2979,/home/ltj/2026urp/vortex_arb/worklogs/trace_runs/run78/RR/bfs
78,bfs,graph256,256,1496,9825,nodes=8*256B edges=4*1496B masks=3*256B cost=4*256B over=1B,4096,GTO,ok,409383,17408,48450,0.359298,3313,2690,9,683,4.10,16,9,81.34,86.34,267,2962,/home/ltj/2026urp/vortex_arb/worklogs/trace_runs/run78/GTO/bfs
78,bfs,graph256,256,1496,9825,nodes=8*256B edges=4*1496B masks=3*256B cost=4*256B over=1B,4096,gCAWS,ok,514060,17408,66403,0.262157,3384,2741,7,683,4.65,16,7,81.34,85.76,267,2950,/home/ltj/2026urp/vortex_arb/worklogs/trace_runs/run78/gCAWS/bfs
79,bfs,graph256,256,1496,9825,nodes=8*256B edges=4*1496B masks=3*256B cost=4*256B over=1B,8192,RR,ok,606599,17408,67115,0.259376,3216,2632,11,683,4.37,32,12,81.34,85.95,262,2973,/home/ltj/2026urp/vortex_arb/worklogs/trace_runs/run79/RR/bfs
79,bfs,graph256,256,1496,9825,nodes=8*256B edges=4*1496B masks=3*256B cost=4*256B over=1B,8192,GTO,ok,403815,17408,49175,0.354001,3157,2582,13,683,4.07,32,13,81.34,86.34,262,2950,/home/ltj/2026urp/vortex_arb/worklogs/trace_runs/run79/GTO/bfs
79,bfs,graph256,256,1496,9825,nodes=8*256B edges=4*1496B masks=3*256B cost=4*256B over=1B,8192,gCAWS,ok,487624,17408,65878,0.264246,3272,2673,10,683,4.65,32,10,81.34,85.65,262,2961,/home/ltj/2026urp/vortex_arb/worklogs/trace_runs/run79/gCAWS/bfs
80,bfs,graph256,256,1496,9825,nodes=8*256B edges=4*1496B masks=3*256B cost=4*256B over=1B,16384,RR,ok,604722,17408,67316,0.258601,3036,2529,15,683,4.62,2,17,81.34,85.79,259,2979,/home/ltj/2026urp/vortex_arb/worklogs/trace_runs/run80/RR/bfs
80,bfs,graph256,256,1496,9825,nodes=8*256B edges=4*1496B masks=3*256B cost=4*256B over=1B,16384,GTO,ok,390926,17408,48573,0.358388,2979,2507,15,683,4.04,2,18,81.34,86.44,259,2949,/home/ltj/2026urp/vortex_arb/worklogs/trace_runs/run80/GTO/bfs
80,bfs,graph256,256,1496,9825,nodes=8*256B edges=4*1496B masks=3*256B cost=4*256B over=1B,16384,gCAWS,ok,507269,17408,66124,0.263263,3034,2526,15,683,4.67,2,17,81.34,85.65,259,2921,/home/ltj/2026urp/vortex_arb/worklogs/trace_runs/run80/gCAWS/bfs
81,bfs,graph256,256,1496,9825,nodes=8*256B edges=4*1496B masks=3*256B cost=4*256B over=1B,32768,RR,ok,596476,17408,68026,0.255902,3002,2506,15,683,4.37,2,17,81.34,85.90,257,2970,/home/ltj/2026urp/vortex_arb/worklogs/trace_runs/run81/RR/bfs
81,bfs,graph256,256,1496,9825,nodes=8*256B edges=4*1496B masks=3*256B cost=4*256B over=1B,32768,GTO,ok,392669,17408,48442,0.359358,2999,2513,15,683,4.15,2,18,81.34,86.31,257,2952,/home/ltj/2026urp/vortex_arb/worklogs/trace_runs/run81/GTO/bfs
81,bfs,graph256,256,1496,9825,nodes=8*256B edges=4*1496B masks=3*256B cost=4*256B over=1B,32768,gCAWS,ok,487056,17408,65998,0.263766,3038,2529,15,683,4.73,2,16,81.34,85.65,257,2920,/home/ltj/2026urp/vortex_arb/worklogs/trace_runs/run81/gCAWS/bfs
82,bfs,graph512,512,3026,19785,nodes=8*512B edges=4*3026B masks=3*512B cost=4*512B over=1B,512,RR,ok,803078,36294,78920,0.459883,3834,3171,10,687,8.00,2,9,83.78,75.47,344,3351,/home/ltj/2026urp/vortex_arb/worklogs/trace_runs/run82/RR/bfs
82,bfs,graph512,512,3026,19785,nodes=8*512B edges=4*3026B masks=3*512B cost=4*512B over=1B,512,GTO,ok,559532,36294,59866,0.606254,3983,3322,6,687,6.80,2,5,83.78,76.93,344,3367,/home/ltj/2026urp/vortex_arb/worklogs/trace_runs/run82/GTO/bfs
82,bfs,graph512,512,3026,19785,nodes=8*512B edges=4*3026B masks=3*512B cost=4*512B over=1B,512,gCAWS,ok,686742,36294,75524,0.480562,3842,3175,10,687,8.08,2,9,83.78,75.37,344,3328,/home/ltj/2026urp/vortex_arb/worklogs/trace_runs/run82/gCAWS/bfs
83,bfs,graph512,512,3026,19785,nodes=8*512B edges=4*3026B masks=3*512B cost=4*512B over=1B,1024,RR,ok,778648,36294,78223,0.463981,3695,3055,13,687,7.51,4,12,83.78,75.99,300,3297,/home/ltj/2026urp/vortex_arb/worklogs/trace_runs/run83/RR/bfs
83,bfs,graph512,512,3026,19785,nodes=8*512B edges=4*3026B masks=3*512B cost=4*512B over=1B,1024,GTO,ok,558640,36294,58444,0.621005,3801,3156,11,687,6.49,4,10,83.78,77.10,300,3316,/home/ltj/2026urp/vortex_arb/worklogs/trace_runs/run83/GTO/bfs
83,bfs,graph512,512,3026,19785,nodes=8*512B edges=4*3026B masks=3*512B cost=4*512B over=1B,1024,gCAWS,ok,644552,36294,76105,0.476894,3812,3140,11,687,8.22,4,10,83.78,75.28,300,3299,/home/ltj/2026urp/vortex_arb/worklogs/trace_runs/run83/gCAWS/bfs
84,bfs,graph512,512,3026,19785,nodes=8*512B edges=4*3026B masks=3*512B cost=4*512B over=1B,2048,RR,ok,792178,36294,78005,0.465278,3646,3028,14,687,7.53,8,13,83.78,75.89,278,2969,/home/ltj/2026urp/vortex_arb/worklogs/trace_runs/run84/RR/bfs
84,bfs,graph512,512,3026,19785,nodes=8*512B edges=4*3026B masks=3*512B cost=4*512B over=1B,2048,GTO,ok,553292,36294,57320,0.633182,3601,2986,15,687,6.47,8,14,83.78,77.17,278,2944,/home/ltj/2026urp/vortex_arb/worklogs/trace_runs/run84/GTO/bfs
84,bfs,graph512,512,3026,19785,nodes=8*512B edges=4*3026B masks=3*512B cost=4*512B over=1B,2048,gCAWS,ok,690484,36294,74473,0.487344,3707,3061,13,687,8.22,8,12,83.78,75.42,278,2970,/home/ltj/2026urp/vortex_arb/worklogs/trace_runs/run84/gCAWS/bfs
85,bfs,graph512,512,3026,19785,nodes=8*512B edges=4*3026B masks=3*512B cost=4*512B over=1B,4096,RR,ok,782143,36294,76809,0.472523,3506,2902,18,687,7.37,16,17,83.78,75.96,267,2969,/home/ltj/2026urp/vortex_arb/worklogs/trace_runs/run85/RR/bfs
85,bfs,graph512,512,3026,19785,nodes=8*512B edges=4*3026B masks=3*512B cost=4*512B over=1B,4096,GTO,ok,546896,36294,57268,0.633757,3557,2963,16,687,6.64,16,16,83.78,76.91,267,2947,/home/ltj/2026urp/vortex_arb/worklogs/trace_runs/run85/GTO/bfs
85,bfs,graph512,512,3026,19785,nodes=8*512B edges=4*3026B masks=3*512B cost=4*512B over=1B,4096,gCAWS,ok,638908,36294,76004,0.477527,3615,2984,15,687,8.15,16,14,83.78,75.30,267,2936,/home/ltj/2026urp/vortex_arb/worklogs/trace_runs/run85/gCAWS/bfs
86,bfs,graph512,512,3026,19785,nodes=8*512B edges=4*3026B masks=3*512B cost=4*512B over=1B,8192,RR,ok,778051,36294,76356,0.475326,3205,2651,25,687,7.72,32,24,83.78,75.91,261,2962,/home/ltj/2026urp/vortex_arb/worklogs/trace_runs/run86/RR/bfs
86,bfs,graph512,512,3026,19785,nodes=8*512B edges=4*3026B masks=3*512B cost=4*512B over=1B,8192,GTO,ok,546042,36294,56419,0.643294,3203,2670,24,687,6.82,32,24,83.78,76.69,261,2922,/home/ltj/2026urp/vortex_arb/worklogs/trace_runs/run86/GTO/bfs
86,bfs,graph512,512,3026,19785,nodes=8*512B edges=4*3026B masks=3*512B cost=4*512B over=1B,8192,gCAWS,ok,672611,36294,73175,0.495989,3363,2788,21,687,8.29,32,20,83.78,75.35,261,2951,/home/ltj/2026urp/vortex_arb/worklogs/trace_runs/run86/gCAWS/bfs
87,bfs,graph512,512,3026,19785,nodes=8*512B edges=4*3026B masks=3*512B cost=4*512B over=1B,16384,RR,ok,777481,36294,72595,0.499952,2845,2369,33,687,7.58,2,32,83.78,75.89,258,2957,/home/ltj/2026urp/vortex_arb/worklogs/trace_runs/run87/RR/bfs
87,bfs,graph512,512,3026,19785,nodes=8*512B edges=4*3026B masks=3*512B cost=4*512B over=1B,16384,GTO,ok,533181,36294,56997,0.636770,2971,2504,29,687,6.73,2,29,83.78,76.88,258,2942,/home/ltj/2026urp/vortex_arb/worklogs/trace_runs/run87/GTO/bfs
87,bfs,graph512,512,3026,19785,nodes=8*512B edges=4*3026B masks=3*512B cost=4*512B over=1B,16384,gCAWS,ok,632076,36294,74131,0.489593,3039,2530,28,687,8.03,2,28,83.78,75.32,258,2961,/home/ltj/2026urp/vortex_arb/worklogs/trace_runs/run87/gCAWS/bfs
88,bfs,graph512,512,3026,19785,nodes=8*512B edges=4*3026B masks=3*512B cost=4*512B over=1B,32768,RR,ok,782521,36294,76181,0.476418,2940,2450,30,687,7.15,2,30,83.78,76.13,257,2941,/home/ltj/2026urp/vortex_arb/worklogs/trace_runs/run88/RR/bfs
88,bfs,graph512,512,3026,19785,nodes=8*512B edges=4*3026B masks=3*512B cost=4*512B over=1B,32768,GTO,ok,530319,36294,56057,0.647448,2952,2489,29,687,6.38,2,30,83.78,77.14,257,2942,/home/ltj/2026urp/vortex_arb/worklogs/trace_runs/run88/GTO/bfs
88,bfs,graph512,512,3026,19785,nodes=8*512B edges=4*3026B masks=3*512B cost=4*512B over=1B,32768,gCAWS,ok,667913,36294,73751,0.492115,3044,2534,28,687,8.22,2,28,83.78,75.35,257,2931,/home/ltj/2026urp/vortex_arb/worklogs/trace_runs/run88/gCAWS/bfs
