run,graph,dcache,policy,status,rows,issued,span,ipc,read_miss,write_miss,artifact
run5,32,512,RR,ok,119136,1863,29813,0.062490,430,0,/home/ltj/2026urp/vortex_arb/worklogs/trace_runs/run5/RR/bfs
run5,32,512,GTO,ok,21788,1863,10392,0.179273,410,0,/home/ltj/2026urp/vortex_arb/worklogs/trace_runs/run5/GTO/bfs
run5,32,512,gCAWS,ok,90420,1863,29029,0.064177,430,0,/home/ltj/2026urp/vortex_arb/worklogs/trace_runs/run5/gCAWS/bfs
run6,32,1024,RR,ok,118800,1863,29693,0.062742,423,0,/home/ltj/2026urp/vortex_arb/worklogs/trace_runs/run6/RR/bfs
run6,32,1024,GTO,ok,21374,1863,9944,0.187349,403,0,/home/ltj/2026urp/vortex_arb/worklogs/trace_runs/run6/GTO/bfs
run6,32,1024,gCAWS,ok,90774,1863,28924,0.064410,417,0,/home/ltj/2026urp/vortex_arb/worklogs/trace_runs/run6/gCAWS/bfs
run7,32,2048,RR,ok,96797,1863,29717,0.062691,388,0,/home/ltj/2026urp/vortex_arb/worklogs/trace_runs/run7/RR/bfs
run7,32,2048,GTO,ok,18825,1863,10272,0.181367,379,0,/home/ltj/2026urp/vortex_arb/worklogs/trace_runs/run7/GTO/bfs
run7,32,2048,gCAWS,ok,90194,1863,28899,0.064466,381,0,/home/ltj/2026urp/vortex_arb/worklogs/trace_runs/run7/gCAWS/bfs
run8,32,4096,RR,ok,118117,1863,29723,0.062679,370,0,/home/ltj/2026urp/vortex_arb/worklogs/trace_runs/run8/RR/bfs
run8,32,4096,GTO,ok,18552,1863,10292,0.181014,349,0,/home/ltj/2026urp/vortex_arb/worklogs/trace_runs/run8/GTO/bfs
run8,32,4096,gCAWS,ok,90442,1863,28908,0.064446,363,0,/home/ltj/2026urp/vortex_arb/worklogs/trace_runs/run8/gCAWS/bfs
run9,32,8192,RR,ok,118105,1863,29759,0.062603,363,0,/home/ltj/2026urp/vortex_arb/worklogs/trace_runs/run9/RR/bfs
run9,32,8192,GTO,ok,20588,1863,10292,0.181014,342,0,/home/ltj/2026urp/vortex_arb/worklogs/trace_runs/run9/GTO/bfs
run9,32,8192,gCAWS,ok,89590,1863,28915,0.064430,349,0,/home/ltj/2026urp/vortex_arb/worklogs/trace_runs/run9/gCAWS/bfs
run10,32,16384,RR,ok,118105,1863,29759,0.062603,363,0,/home/ltj/2026urp/vortex_arb/worklogs/trace_runs/run10/RR/bfs
run10,32,16384,GTO,ok,20588,1863,10292,0.181014,342,0,/home/ltj/2026urp/vortex_arb/worklogs/trace_runs/run10/GTO/bfs
run10,32,16384,gCAWS,ok,89590,1863,28915,0.064430,349,0,/home/ltj/2026urp/vortex_arb/worklogs/trace_runs/run10/gCAWS/bfs
run11,64,512,RR,ok,147808,4288,35630,0.120348,868,0,/home/ltj/2026urp/vortex_arb/worklogs/trace_runs/run11/RR/bfs
run11,64,512,GTO,ok,51429,4288,17498,0.245057,862,0,/home/ltj/2026urp/vortex_arb/worklogs/trace_runs/run11/GTO/bfs
run11,64,512,gCAWS,ok,78509,4288,34932,0.122753,869,0,/home/ltj/2026urp/vortex_arb/worklogs/trace_runs/run11/gCAWS/bfs
run12,64,1024,RR,ok,146695,4288,35603,0.120439,847,0,/home/ltj/2026urp/vortex_arb/worklogs/trace_runs/run12/RR/bfs
run12,64,1024,GTO,ok,55734,4288,17229,0.248883,832,0,/home/ltj/2026urp/vortex_arb/worklogs/trace_runs/run12/GTO/bfs
run12,64,1024,gCAWS,ok,77192,4288,50796,0.084416,843,0,/home/ltj/2026urp/vortex_arb/worklogs/trace_runs/run12/gCAWS/bfs
run13,64,2048,RR,ok,171587,4288,35544,0.120639,824,0,/home/ltj/2026urp/vortex_arb/worklogs/trace_runs/run13/RR/bfs
run13,64,2048,GTO,ok,50825,4288,17125,0.250394,819,0,/home/ltj/2026urp/vortex_arb/worklogs/trace_runs/run13/GTO/bfs
run13,64,2048,gCAWS,ok,100580,4288,34746,0.123410,810,0,/home/ltj/2026urp/vortex_arb/worklogs/trace_runs/run13/gCAWS/bfs
run14,64,4096,RR,ok,197502,4288,35493,0.120813,762,0,/home/ltj/2026urp/vortex_arb/worklogs/trace_runs/run14/RR/bfs
run14,64,4096,GTO,ok,49179,4288,16931,0.253263,753,0,/home/ltj/2026urp/vortex_arb/worklogs/trace_runs/run14/GTO/bfs
run14,64,4096,gCAWS,ok,94440,4288,34036,0.125984,755,0,/home/ltj/2026urp/vortex_arb/worklogs/trace_runs/run14/gCAWS/bfs
run15,64,8192,RR,ok,196366,4288,35815,0.119726,743,0,/home/ltj/2026urp/vortex_arb/worklogs/trace_runs/run15/RR/bfs
run15,64,8192,GTO,ok,53942,4288,16795,0.255314,745,0,/home/ltj/2026urp/vortex_arb/worklogs/trace_runs/run15/GTO/bfs
run15,64,8192,gCAWS,ok,88968,4288,33562,0.127764,743,0,/home/ltj/2026urp/vortex_arb/worklogs/trace_runs/run15/gCAWS/bfs
run16,64,16384,RR,ok,196132,4288,35789,0.119813,737,0,/home/ltj/2026urp/vortex_arb/worklogs/trace_runs/run16/RR/bfs
run16,64,16384,GTO,ok,53992,4288,16831,0.254768,739,0,/home/ltj/2026urp/vortex_arb/worklogs/trace_runs/run16/GTO/bfs
run16,64,16384,gCAWS,ok,92949,4288,33999,0.126121,745,0,/home/ltj/2026urp/vortex_arb/worklogs/trace_runs/run16/gCAWS/bfs
run17,128,512,RR,ok,189540,8448,46182,0.182928,1727,0,/home/ltj/2026urp/vortex_arb/worklogs/trace_runs/run17/RR/bfs
run17,128,512,GTO,ok,182636,8448,28828,0.293048,1736,0,/home/ltj/2026urp/vortex_arb/worklogs/trace_runs/run17/GTO/bfs
run17,128,512,gCAWS,ok,186941,8448,43892,0.192472,1761,0,/home/ltj/2026urp/vortex_arb/worklogs/trace_runs/run17/gCAWS/bfs
run18,128,1024,RR,ok,188101,8448,46168,0.182984,1718,0,/home/ltj/2026urp/vortex_arb/worklogs/trace_runs/run18/RR/bfs
run18,128,1024,GTO,ok,180415,8448,28380,0.297674,1706,0,/home/ltj/2026urp/vortex_arb/worklogs/trace_runs/run18/GTO/bfs
run18,128,1024,gCAWS,ok,185072,8448,43059,0.196196,1758,0,/home/ltj/2026urp/vortex_arb/worklogs/trace_runs/run18/gCAWS/bfs
run19,128,2048,RR,ok,187628,8448,46206,0.182833,1679,0,/home/ltj/2026urp/vortex_arb/worklogs/trace_runs/run19/RR/bfs
run19,128,2048,GTO,ok,178931,8448,28163,0.299968,1661,0,/home/ltj/2026urp/vortex_arb/worklogs/trace_runs/run19/GTO/bfs
run19,128,2048,gCAWS,ok,184692,8448,42956,0.196666,1709,0,/home/ltj/2026urp/vortex_arb/worklogs/trace_runs/run19/gCAWS/bfs
run20,128,4096,RR,ok,185673,8448,46161,0.183012,1624,0,/home/ltj/2026urp/vortex_arb/worklogs/trace_runs/run20/RR/bfs
run20,128,4096,GTO,ok,179287,8448,28694,0.294417,1581,0,/home/ltj/2026urp/vortex_arb/worklogs/trace_runs/run20/GTO/bfs
run20,128,4096,gCAWS,ok,184112,8448,42964,0.196630,1628,0,/home/ltj/2026urp/vortex_arb/worklogs/trace_runs/run20/gCAWS/bfs
run21,128,8192,RR,ok,216167,8448,45997,0.183664,1520,0,/home/ltj/2026urp/vortex_arb/worklogs/trace_runs/run21/RR/bfs
run21,128,8192,GTO,ok,179537,8448,27990,0.301822,1518,0,/home/ltj/2026urp/vortex_arb/worklogs/trace_runs/run21/GTO/bfs
run21,128,8192,gCAWS,ok,182210,8448,42286,0.199782,1514,0,/home/ltj/2026urp/vortex_arb/worklogs/trace_runs/run21/gCAWS/bfs
run22,128,16384,RR,ok,301678,8448,45988,0.183700,1506,0,/home/ltj/2026urp/vortex_arb/worklogs/trace_runs/run22/RR/bfs
run22,128,16384,GTO,ok,171228,8448,28329,0.298210,1504,0,/home/ltj/2026urp/vortex_arb/worklogs/trace_runs/run22/GTO/bfs
run22,128,16384,gCAWS,ok,182822,8448,42879,0.197020,1516,0,/home/ltj/2026urp/vortex_arb/worklogs/trace_runs/run22/gCAWS/bfs
run23,256,512,RR,ok,625179,17408,67595,0.257534,3441,0,/home/ltj/2026urp/vortex_arb/worklogs/trace_runs/run23/RR/bfs
run23,256,512,GTO,ok,414471,17408,48978,0.355425,3414,0,/home/ltj/2026urp/vortex_arb/worklogs/trace_runs/run23/GTO/bfs
run23,256,512,gCAWS,ok,493411,17408,67177,0.259136,3446,0,/home/ltj/2026urp/vortex_arb/worklogs/trace_runs/run23/gCAWS/bfs
run24,256,1024,RR,ok,624571,17408,68161,0.255395,3421,0,/home/ltj/2026urp/vortex_arb/worklogs/trace_runs/run24/RR/bfs
run24,256,1024,GTO,ok,402727,17408,48704,0.357424,3380,0,/home/ltj/2026urp/vortex_arb/worklogs/trace_runs/run24/GTO/bfs
run24,256,1024,gCAWS,ok,486585,17408,65903,0.264146,3421,0,/home/ltj/2026urp/vortex_arb/worklogs/trace_runs/run24/gCAWS/bfs
run25,256,2048,RR,ok,621727,17408,67298,0.258670,3428,0,/home/ltj/2026urp/vortex_arb/worklogs/trace_runs/run25/RR/bfs
run25,256,2048,GTO,ok,403744,17408,49398,0.352403,3424,0,/home/ltj/2026urp/vortex_arb/worklogs/trace_runs/run25/GTO/bfs
run25,256,2048,gCAWS,ok,496116,17408,66332,0.262437,3473,0,/home/ltj/2026urp/vortex_arb/worklogs/trace_runs/run25/gCAWS/bfs
run26,256,4096,RR,ok,575805,17408,68161,0.255395,3334,0,/home/ltj/2026urp/vortex_arb/worklogs/trace_runs/run26/RR/bfs
run26,256,4096,GTO,ok,409383,17408,48450,0.359298,3313,0,/home/ltj/2026urp/vortex_arb/worklogs/trace_runs/run26/GTO/bfs
run26,256,4096,gCAWS,ok,514060,17408,66403,0.262157,3384,0,/home/ltj/2026urp/vortex_arb/worklogs/trace_runs/run26/gCAWS/bfs
run27,256,8192,RR,ok,606599,17408,67115,0.259376,3216,0,/home/ltj/2026urp/vortex_arb/worklogs/trace_runs/run27/RR/bfs
run27,256,8192,GTO,ok,403815,17408,49175,0.354001,3157,0,/home/ltj/2026urp/vortex_arb/worklogs/trace_runs/run27/GTO/bfs
run27,256,8192,gCAWS,ok,487624,17408,65878,0.264246,3272,0,/home/ltj/2026urp/vortex_arb/worklogs/trace_runs/run27/gCAWS/bfs
run28,256,16384,RR,ok,604722,17408,67316,0.258601,3036,0,/home/ltj/2026urp/vortex_arb/worklogs/trace_runs/run28/RR/bfs
run28,256,16384,GTO,ok,390926,17408,48573,0.358388,2979,0,/home/ltj/2026urp/vortex_arb/worklogs/trace_runs/run28/GTO/bfs
run28,256,16384,gCAWS,ok,507269,17408,66124,0.263263,3034,0,/home/ltj/2026urp/vortex_arb/worklogs/trace_runs/run28/gCAWS/bfs
