run,bench,input,working_set_bytes,working_set_note,dcache_size,policy,status,trace_rows,issued,span_cycles,ipc,read_misses,non_cold_misses,reuse_hit_pct,unique_lines,line_local_pct,overflow_sets,read_hit_pct,reuse_access_ratio,line_stride_64_plus_pct,max_unique_tags_per_set,same_set_tag_changes,artifact
6,sgemm3,N8_T4,768,3*N*N*4=768B; local tiles=2*T*T*4=128B,512,RR,ok,6115,840,65693,0.012787,3162,2736,12,437,7.56,2,10,87.68,82.21,346,2997,/home/ltj/2026urp/vortex_arb/worklogs/trace_runs/run6/RR/sgemm3
6,sgemm3,N8_T4,768,3*N*N*4=768B; local tiles=2*T*T*4=128B,512,GTO,ok,9699,840,62364,0.013469,3166,2741,11,437,7.53,2,10,87.68,82.21,346,2996,/home/ltj/2026urp/vortex_arb/worklogs/trace_runs/run6/GTO/sgemm3
6,sgemm3,N8_T4,768,3*N*N*4=768B; local tiles=2*T*T*4=128B,512,gCAWS,ok,6191,840,62635,0.013411,3180,2756,11,437,7.41,2,10,87.68,82.21,346,2994,/home/ltj/2026urp/vortex_arb/worklogs/trace_runs/run6/gCAWS/sgemm3
7,sgemm3,N8_T4,768,3*N*N*4=768B; local tiles=2*T*T*4=128B,1024,RR,ok,6112,840,65664,0.012792,3116,2690,13,437,7.64,4,12,87.68,82.15,268,2967,/home/ltj/2026urp/vortex_arb/worklogs/trace_runs/run7/RR/sgemm3
7,sgemm3,N8_T4,768,3*N*N*4=768B; local tiles=2*T*T*4=128B,1024,GTO,ok,9705,840,62353,0.013472,3088,2669,14,437,7.56,4,12,87.68,82.21,268,2966,/home/ltj/2026urp/vortex_arb/worklogs/trace_runs/run7/GTO/sgemm3
7,sgemm3,N8_T4,768,3*N*N*4=768B; local tiles=2*T*T*4=128B,1024,gCAWS,ok,5908,840,62662,0.013405,3142,2721,12,437,7.44,4,11,87.68,82.21,268,2964,/home/ltj/2026urp/vortex_arb/worklogs/trace_runs/run7/gCAWS/sgemm3
8,sgemm3,N8_T4,768,3*N*N*4=768B; local tiles=2*T*T*4=128B,2048,RR,ok,6068,840,65635,0.012798,3011,2584,16,437,7.64,8,15,87.68,82.15,262,2810,/home/ltj/2026urp/vortex_arb/worklogs/trace_runs/run8/RR/sgemm3
8,sgemm3,N8_T4,768,3*N*N*4=768B; local tiles=2*T*T*4=128B,2048,GTO,ok,9591,840,62306,0.013482,3025,2606,16,437,7.56,8,14,87.68,82.21,262,2808,/home/ltj/2026urp/vortex_arb/worklogs/trace_runs/run8/GTO/sgemm3
8,sgemm3,N8_T4,768,3*N*N*4=768B; local tiles=2*T*T*4=128B,2048,gCAWS,ok,6010,840,62660,0.013406,3044,2624,15,437,7.44,8,14,87.68,82.21,262,2809,/home/ltj/2026urp/vortex_arb/worklogs/trace_runs/run8/gCAWS/sgemm3
9,sgemm3,N8_T4,768,3*N*N*4=768B; local tiles=2*T*T*4=128B,4096,RR,ok,5774,840,65640,0.012797,2870,2439,21,437,7.58,4,19,87.68,82.21,259,2808,/home/ltj/2026urp/vortex_arb/worklogs/trace_runs/run9/RR/sgemm3
9,sgemm3,N8_T4,768,3*N*N*4=768B; local tiles=2*T*T*4=128B,4096,GTO,ok,9399,840,62218,0.013501,2862,2443,21,437,7.56,4,19,87.68,82.21,259,2809,/home/ltj/2026urp/vortex_arb/worklogs/trace_runs/run9/GTO/sgemm3
9,sgemm3,N8_T4,768,3*N*N*4=768B; local tiles=2*T*T*4=128B,4096,gCAWS,ok,5755,840,62494,0.013441,2882,2460,20,437,7.41,4,18,87.68,82.21,259,2810,/home/ltj/2026urp/vortex_arb/worklogs/trace_runs/run9/gCAWS/sgemm3
10,sgemm3,N8_T4,768,3*N*N*4=768B; local tiles=2*T*T*4=128B,8192,RR,ok,5747,840,65580,0.012809,2849,2423,22,437,7.61,3,19,87.68,82.15,257,2807,/home/ltj/2026urp/vortex_arb/worklogs/trace_runs/run10/RR/sgemm3
10,sgemm3,N8_T4,768,3*N*N*4=768B; local tiles=2*T*T*4=128B,8192,GTO,ok,9296,840,62168,0.013512,2826,2410,22,437,7.58,3,20,87.68,82.21,257,2811,/home/ltj/2026urp/vortex_arb/worklogs/trace_runs/run10/GTO/sgemm3
10,sgemm3,N8_T4,768,3*N*N*4=768B; local tiles=2*T*T*4=128B,8192,gCAWS,ok,5795,840,62491,0.013442,2848,2430,21,437,7.39,3,19,87.68,82.21,257,2810,/home/ltj/2026urp/vortex_arb/worklogs/trace_runs/run10/gCAWS/sgemm3
11,sgemm3,N8_T4,768,3*N*N*4=768B; local tiles=2*T*T*4=128B,16384,RR,ok,5751,840,65562,0.012812,2846,2417,22,437,7.61,3,19,87.68,82.15,256,2807,/home/ltj/2026urp/vortex_arb/worklogs/trace_runs/run11/RR/sgemm3
11,sgemm3,N8_T4,768,3*N*N*4=768B; local tiles=2*T*T*4=128B,16384,GTO,ok,9298,840,62170,0.013511,2827,2410,22,437,7.58,3,20,87.68,82.21,256,2811,/home/ltj/2026urp/vortex_arb/worklogs/trace_runs/run11/GTO/sgemm3
11,sgemm3,N8_T4,768,3*N*N*4=768B; local tiles=2*T*T*4=128B,16384,gCAWS,ok,5791,840,62485,0.013443,2844,2421,22,437,7.39,3,19,87.68,82.21,256,2810,/home/ltj/2026urp/vortex_arb/worklogs/trace_runs/run11/gCAWS/sgemm3
12,sgemm3,N8_T4,768,3*N*N*4=768B; local tiles=2*T*T*4=128B,32768,RR,ok,5751,840,65562,0.012812,2846,2417,22,437,7.61,3,19,87.68,82.15,256,2807,/home/ltj/2026urp/vortex_arb/worklogs/trace_runs/run12/RR/sgemm3
12,sgemm3,N8_T4,768,3*N*N*4=768B; local tiles=2*T*T*4=128B,32768,GTO,ok,9298,840,62170,0.013511,2827,2410,22,437,7.58,3,20,87.68,82.21,256,2811,/home/ltj/2026urp/vortex_arb/worklogs/trace_runs/run12/GTO/sgemm3
12,sgemm3,N8_T4,768,3*N*N*4=768B; local tiles=2*T*T*4=128B,32768,gCAWS,ok,5791,840,62485,0.013443,2844,2421,22,437,7.39,3,19,87.68,82.21,256,2810,/home/ltj/2026urp/vortex_arb/worklogs/trace_runs/run12/gCAWS/sgemm3
13,sgemm3,N16_T4,3072,3*N*N*4=3072B; local tiles=2*T*T*4=128B,512,RR,ok,20211,2064,123765,0.016677,8891,7977,17,965,14.98,2,16,90.94,66.70,610,7891,/home/ltj/2026urp/vortex_arb/worklogs/trace_runs/run13/RR/sgemm3
13,sgemm3,N16_T4,3072,3*N*N*4=3072B; local tiles=2*T*T*4=128B,512,GTO,ok,15446,2064,122934,0.016789,9151,8236,14,965,13.52,2,14,90.94,68.00,610,7952,/home/ltj/2026urp/vortex_arb/worklogs/trace_runs/run13/GTO/sgemm3
13,sgemm3,N16_T4,3072,3*N*N*4=3072B; local tiles=2*T*T*4=128B,512,gCAWS,ok,20472,2064,121118,0.017041,8901,7984,17,965,13.80,2,16,90.94,67.06,610,7923,/home/ltj/2026urp/vortex_arb/worklogs/trace_runs/run13/gCAWS/sgemm3
14,sgemm3,N16_T4,3072,3*N*N*4=3072B; local tiles=2*T*T*4=128B,1024,RR,ok,21648,2064,124724,0.016549,8729,7802,19,965,14.71,4,18,90.94,66.92,306,7562,/home/ltj/2026urp/vortex_arb/worklogs/trace_runs/run14/RR/sgemm3
14,sgemm3,N16_T4,3072,3*N*N*4=3072B; local tiles=2*T*T*4=128B,1024,GTO,ok,13830,2064,123145,0.016761,8956,8044,16,965,13.45,4,15,90.94,68.19,306,7523,/home/ltj/2026urp/vortex_arb/worklogs/trace_runs/run14/GTO/sgemm3
14,sgemm3,N16_T4,3072,3*N*N*4=3072B; local tiles=2*T*T*4=128B,1024,gCAWS,ok,22729,2064,123235,0.016748,8863,7938,18,965,13.92,4,16,90.94,67.15,306,7584,/home/ltj/2026urp/vortex_arb/worklogs/trace_runs/run14/gCAWS/sgemm3
15,sgemm3,N16_T4,3072,3*N*N*4=3072B; local tiles=2*T*T*4=128B,2048,RR,ok,20147,2064,123483,0.016715,8602,7688,20,965,14.85,8,19,90.94,66.79,281,6698,/home/ltj/2026urp/vortex_arb/worklogs/trace_runs/run15/RR/sgemm3
15,sgemm3,N16_T4,3072,3*N*N*4=3072B; local tiles=2*T*T*4=128B,2048,GTO,ok,12523,2064,124247,0.016612,8835,7926,18,965,13.61,8,17,90.94,67.86,281,6700,/home/ltj/2026urp/vortex_arb/worklogs/trace_runs/run15/GTO/sgemm3
15,sgemm3,N16_T4,3072,3*N*N*4=3072B; local tiles=2*T*T*4=128B,2048,gCAWS,ok,20739,2064,120963,0.017063,8658,7751,19,965,13.87,8,18,90.94,67.14,281,6709,/home/ltj/2026urp/vortex_arb/worklogs/trace_runs/run15/gCAWS/sgemm3
16,sgemm3,N16_T4,3072,3*N*N*4=3072B; local tiles=2*T*T*4=128B,4096,RR,ok,19690,2064,123212,0.016752,8262,7356,24,965,14.67,16,22,90.94,67.02,268,6685,/home/ltj/2026urp/vortex_arb/worklogs/trace_runs/run16/RR/sgemm3
16,sgemm3,N16_T4,3072,3*N*N*4=3072B; local tiles=2*T*T*4=128B,4096,GTO,ok,10819,2064,123833,0.016668,8598,7681,20,965,13.53,16,19,90.94,68.01,268,6655,/home/ltj/2026urp/vortex_arb/worklogs/trace_runs/run16/GTO/sgemm3
16,sgemm3,N16_T4,3072,3*N*N*4=3072B; local tiles=2*T*T*4=128B,4096,gCAWS,ok,19915,2064,119985,0.017202,8365,7464,22,965,13.69,16,21,90.94,67.29,268,6707,/home/ltj/2026urp/vortex_arb/worklogs/trace_runs/run16/gCAWS/sgemm3
17,sgemm3,N16_T4,3072,3*N*N*4=3072B; local tiles=2*T*T*4=128B,8192,RR,ok,20881,2064,124049,0.016639,7752,6832,29,965,14.80,32,27,90.94,66.94,262,6682,/home/ltj/2026urp/vortex_arb/worklogs/trace_runs/run17/RR/sgemm3
17,sgemm3,N16_T4,3072,3*N*N*4=3072B; local tiles=2*T*T*4=128B,8192,GTO,ok,11771,2064,120089,0.017187,7864,6958,28,965,13.55,32,26,90.94,67.99,262,6634,/home/ltj/2026urp/vortex_arb/worklogs/trace_runs/run17/GTO/sgemm3
17,sgemm3,N16_T4,3072,3*N*N*4=3072B; local tiles=2*T*T*4=128B,8192,gCAWS,ok,20037,2064,119921,0.017211,7741,6837,29,965,13.90,32,27,90.94,67.14,262,6711,/home/ltj/2026urp/vortex_arb/worklogs/trace_runs/run17/gCAWS/sgemm3
18,sgemm3,N16_T4,3072,3*N*N*4=3072B; local tiles=2*T*T*4=128B,16384,RR,ok,21195,2064,123097,0.016767,6892,5964,38,965,14.76,3,35,90.94,67.01,258,6675,/home/ltj/2026urp/vortex_arb/worklogs/trace_runs/run18/RR/sgemm3
18,sgemm3,N16_T4,3072,3*N*N*4=3072B; local tiles=2*T*T*4=128B,16384,GTO,ok,18651,2064,121730,0.016956,6964,6062,37,965,13.45,3,34,90.94,68.00,258,6652,/home/ltj/2026urp/vortex_arb/worklogs/trace_runs/run18/GTO/sgemm3
18,sgemm3,N16_T4,3072,3*N*N*4=3072B; local tiles=2*T*T*4=128B,16384,gCAWS,ok,28363,2064,127194,0.016227,6985,6068,37,965,13.76,3,34,90.94,67.24,258,6717,/home/ltj/2026urp/vortex_arb/worklogs/trace_runs/run18/gCAWS/sgemm3
19,sgemm3,N16_T4,3072,3*N*N*4=3072B; local tiles=2*T*T*4=128B,32768,RR,ok,24256,2064,126010,0.016380,6804,5867,39,965,14.58,3,36,90.94,67.16,257,6676,/home/ltj/2026urp/vortex_arb/worklogs/trace_runs/run19/RR/sgemm3
19,sgemm3,N16_T4,3072,3*N*N*4=3072B; local tiles=2*T*T*4=128B,32768,GTO,ok,10209,2064,122325,0.016873,6875,6003,38,965,13.55,3,35,90.94,67.93,257,6660,/home/ltj/2026urp/vortex_arb/worklogs/trace_runs/run19/GTO/sgemm3
19,sgemm3,N16_T4,3072,3*N*N*4=3072B; local tiles=2*T*T*4=128B,32768,gCAWS,ok,19951,2064,127983,0.016127,6965,6046,37,965,13.75,3,34,90.94,67.11,257,6728,/home/ltj/2026urp/vortex_arb/worklogs/trace_runs/run19/gCAWS/sgemm3
20,sgemm3,N32_T4,12288,3*N*N*4=12288B; local tiles=2*T*T*4=128B,512,RR,ok,22104,2688,276993,0.009704,30238,29245,15,1061,12.84,2,15,97.03,44.84,658,23293,/home/ltj/2026urp/vortex_arb/worklogs/trace_runs/run20/RR/sgemm3
20,sgemm3,N32_T4,12288,3*N*N*4=12288B; local tiles=2*T*T*4=128B,512,GTO,ok,12754,2688,247087,0.010879,30406,29425,15,1061,11.68,2,14,97.03,46.60,658,23437,/home/ltj/2026urp/vortex_arb/worklogs/trace_runs/run20/GTO/sgemm3
20,sgemm3,N32_T4,12288,3*N*N*4=12288B; local tiles=2*T*T*4=128B,512,gCAWS,ok,26309,2688,274769,0.009783,29616,28618,17,1061,13.02,2,17,97.03,43.73,658,23309,/home/ltj/2026urp/vortex_arb/worklogs/trace_runs/run20/gCAWS/sgemm3
21,sgemm3,N32_T4,12288,3*N*N*4=12288B; local tiles=2*T*T*4=128B,1024,RR,ok,22825,2688,277679,0.009680,29269,28273,18,1061,12.38,4,18,97.03,45.39,330,21278,/home/ltj/2026urp/vortex_arb/worklogs/trace_runs/run21/RR/sgemm3
21,sgemm3,N32_T4,12288,3*N*N*4=12288B; local tiles=2*T*T*4=128B,1024,GTO,ok,13345,2688,252363,0.010651,29716,28755,17,1061,11.48,4,16,97.03,47.05,330,21405,/home/ltj/2026urp/vortex_arb/worklogs/trace_runs/run21/GTO/sgemm3
21,sgemm3,N32_T4,12288,3*N*N*4=12288B; local tiles=2*T*T*4=128B,1024,gCAWS,ok,25027,2688,272102,0.009879,28144,27161,21,1061,13.03,4,21,97.03,43.78,330,21198,/home/ltj/2026urp/vortex_arb/worklogs/trace_runs/run21/gCAWS/sgemm3
22,sgemm3,N32_T4,12288,3*N*N*4=12288B; local tiles=2*T*T*4=128B,2048,RR,ok,20680,2688,279439,0.009619,27534,26556,23,1061,12.57,8,22,97.03,45.04,293,13601,/home/ltj/2026urp/vortex_arb/worklogs/trace_runs/run22/RR/sgemm3
22,sgemm3,N32_T4,12288,3*N*N*4=12288B; local tiles=2*T*T*4=128B,2048,GTO,ok,12599,2688,249471,0.010775,27973,27040,22,1061,11.56,8,21,97.03,46.74,293,13594,/home/ltj/2026urp/vortex_arb/worklogs/trace_runs/run22/GTO/sgemm3
22,sgemm3,N32_T4,12288,3*N*N*4=12288B; local tiles=2*T*T*4=128B,2048,gCAWS,ok,26075,2688,271637,0.009896,26642,25674,25,1061,13.00,8,25,97.03,43.79,293,13610,/home/ltj/2026urp/vortex_arb/worklogs/trace_runs/run22/gCAWS/sgemm3
23,sgemm3,N32_T4,12288,3*N*N*4=12288B; local tiles=2*T*T*4=128B,4096,RR,ok,21555,2688,273534,0.009827,25432,24450,29,1061,12.97,16,28,97.03,44.56,274,13349,/home/ltj/2026urp/vortex_arb/worklogs/trace_runs/run23/RR/sgemm3
23,sgemm3,N32_T4,12288,3*N*N*4=12288B; local tiles=2*T*T*4=128B,4096,GTO,ok,12503,2688,247666,0.010853,25625,24683,28,1061,11.65,16,28,97.03,46.70,274,13313,/home/ltj/2026urp/vortex_arb/worklogs/trace_runs/run23/GTO/sgemm3
23,sgemm3,N32_T4,12288,3*N*N*4=12288B; local tiles=2*T*T*4=128B,4096,gCAWS,ok,26848,2688,264874,0.010148,24903,23937,30,1061,13.05,16,30,97.03,43.72,274,13427,/home/ltj/2026urp/vortex_arb/worklogs/trace_runs/run23/gCAWS/sgemm3
24,sgemm3,N32_T4,12288,3*N*N*4=12288B; local tiles=2*T*T*4=128B,8192,RR,ok,22204,2688,273510,0.009828,21638,20665,40,1061,12.73,32,39,97.03,44.87,265,13308,/home/ltj/2026urp/vortex_arb/worklogs/trace_runs/run24/RR/sgemm3
24,sgemm3,N32_T4,12288,3*N*N*4=12288B; local tiles=2*T*T*4=128B,8192,GTO,ok,11942,2688,242258,0.011096,21472,20551,40,1061,11.67,32,39,97.03,46.71,265,13199,/home/ltj/2026urp/vortex_arb/worklogs/trace_runs/run24/GTO/sgemm3
24,sgemm3,N32_T4,12288,3*N*N*4=12288B; local tiles=2*T*T*4=128B,8192,gCAWS,ok,29430,2688,266897,0.010071,20446,19472,43,1061,12.97,32,42,97.03,43.80,265,13379,/home/ltj/2026urp/vortex_arb/worklogs/trace_runs/run24/gCAWS/sgemm3
25,sgemm3,N32_T4,12288,3*N*N*4=12288B; local tiles=2*T*T*4=128B,16384,RR,ok,17367,2688,270349,0.009943,14259,13313,61,1061,12.73,40,60,97.03,44.93,260,13259,/home/ltj/2026urp/vortex_arb/worklogs/trace_runs/run25/RR/sgemm3
25,sgemm3,N32_T4,12288,3*N*N*4=12288B; local tiles=2*T*T*4=128B,16384,GTO,ok,13341,2688,237381,0.011324,13957,13074,62,1061,11.55,40,60,97.03,46.72,260,13105,/home/ltj/2026urp/vortex_arb/worklogs/trace_runs/run25/GTO/sgemm3
25,sgemm3,N32_T4,12288,3*N*N*4=12288B; local tiles=2*T*T*4=128B,16384,gCAWS,ok,63778,2688,278052,0.009667,13941,12963,62,1061,13.09,40,60,97.03,43.74,260,13330,/home/ltj/2026urp/vortex_arb/worklogs/trace_runs/run25/gCAWS/sgemm3
26,sgemm3,N32_T4,12288,3*N*N*4=12288B; local tiles=2*T*T*4=128B,32768,RR,ok,15122,2688,275155,0.009769,13881,12914,62,1061,13.43,3,61,97.03,44.06,258,13258,/home/ltj/2026urp/vortex_arb/worklogs/trace_runs/run26/RR/sgemm3
26,sgemm3,N32_T4,12288,3*N*N*4=12288B; local tiles=2*T*T*4=128B,32768,GTO,ok,11834,2688,237135,0.011335,13608,12744,63,1061,11.46,3,61,97.03,46.86,258,13133,/home/ltj/2026urp/vortex_arb/worklogs/trace_runs/run26/GTO/sgemm3
26,sgemm3,N32_T4,12288,3*N*N*4=12288B; local tiles=2*T*T*4=128B,32768,gCAWS,ok,57925,2688,278898,0.009638,13806,12808,63,1061,13.16,3,61,97.03,43.52,258,13305,/home/ltj/2026urp/vortex_arb/worklogs/trace_runs/run26/gCAWS/sgemm3
27,kmeans,p32_f32_c8,5248,feature=4096B clusters=1024B membership=128B,1024,RR,ok,155751,11716,89316,0.131175,4449,3761,23,758,20.69,4,21,86.70,58.43,318,3442,/home/ltj/2026urp/vortex_arb/worklogs/trace_runs/run27/RR/kmeans
27,kmeans,p32_f32_c8,5248,feature=4096B clusters=1024B membership=128B,1024,GTO,ok,136717,11716,71105,0.164770,4425,3769,23,758,20.16,4,22,86.70,58.89,318,3437,/home/ltj/2026urp/vortex_arb/worklogs/trace_runs/run27/GTO/kmeans
27,kmeans,p32_f32_c8,5248,feature=4096B clusters=1024B membership=128B,1024,gCAWS,ok,126653,11716,85540,0.136965,4464,3797,23,758,20.48,4,21,86.70,58.45,318,3453,/home/ltj/2026urp/vortex_arb/worklogs/trace_runs/run27/gCAWS/kmeans
28,kmeans,p32_f32_c8,5248,feature=4096B clusters=1024B membership=128B,4096,RR,ok,156309,11716,90612,0.129299,4385,3749,24,758,20.69,16,23,86.70,58.41,271,3091,/home/ltj/2026urp/vortex_arb/worklogs/trace_runs/run28/RR/kmeans
28,kmeans,p32_f32_c8,5248,feature=4096B clusters=1024B membership=128B,4096,GTO,ok,133107,11716,70528,0.166118,4331,3715,24,758,20.14,16,24,86.70,58.96,271,3050,/home/ltj/2026urp/vortex_arb/worklogs/trace_runs/run28/GTO/kmeans
28,kmeans,p32_f32_c8,5248,feature=4096B clusters=1024B membership=128B,4096,gCAWS,ok,125447,11716,87921,0.133256,4364,3734,24,758,20.48,16,23,86.70,58.47,271,3080,/home/ltj/2026urp/vortex_arb/worklogs/trace_runs/run28/gCAWS/kmeans
29,kmeans,p32_f32_c8,5248,feature=4096B clusters=1024B membership=128B,8192,RR,ok,154628,11716,90146,0.129967,4265,3678,25,758,20.74,32,25,86.70,58.36,263,3060,/home/ltj/2026urp/vortex_arb/worklogs/trace_runs/run29/RR/kmeans
29,kmeans,p32_f32_c8,5248,feature=4096B clusters=1024B membership=128B,8192,GTO,ok,135660,11716,71027,0.164951,4219,3609,26,758,20.16,32,25,86.70,58.94,263,3016,/home/ltj/2026urp/vortex_arb/worklogs/trace_runs/run29/GTO/kmeans
29,kmeans,p32_f32_c8,5248,feature=4096B clusters=1024B membership=128B,8192,gCAWS,ok,125216,11716,86567,0.135340,4274,3686,25,758,20.42,32,25,86.70,58.50,263,3048,/home/ltj/2026urp/vortex_arb/worklogs/trace_runs/run29/gCAWS/kmeans
30,kmeans,p32_f32_c8,5248,feature=4096B clusters=1024B membership=128B,16384,RR,ok,147580,11716,88331,0.132637,3113,2590,47,758,20.69,14,45,86.70,58.43,259,3026,/home/ltj/2026urp/vortex_arb/worklogs/trace_runs/run30/RR/kmeans
30,kmeans,p32_f32_c8,5248,feature=4096B clusters=1024B membership=128B,16384,GTO,ok,128301,11716,68810,0.170266,3087,2589,47,758,20.20,14,45,86.70,58.87,259,3003,/home/ltj/2026urp/vortex_arb/worklogs/trace_runs/run30/GTO/kmeans
30,kmeans,p32_f32_c8,5248,feature=4096B clusters=1024B membership=128B,16384,gCAWS,ok,119164,11716,84626,0.138444,3102,2584,47,758,20.46,14,45,86.70,58.47,259,3036,/home/ltj/2026urp/vortex_arb/worklogs/trace_runs/run30/gCAWS/kmeans
31,kmeans,p32_f32_c8,5248,feature=4096B clusters=1024B membership=128B,32768,RR,ok,146156,11716,86444,0.135533,3067,2580,47,758,20.67,2,46,86.70,58.43,258,3022,/home/ltj/2026urp/vortex_arb/worklogs/trace_runs/run31/RR/kmeans
31,kmeans,p32_f32_c8,5248,feature=4096B clusters=1024B membership=128B,32768,GTO,ok,128967,11716,68926,0.169979,3054,2574,47,758,20.18,2,46,86.70,58.89,258,2993,/home/ltj/2026urp/vortex_arb/worklogs/trace_runs/run31/GTO/kmeans
31,kmeans,p32_f32_c8,5248,feature=4096B clusters=1024B membership=128B,32768,gCAWS,ok,118103,11716,84426,0.138772,3053,2552,48,758,20.46,2,46,86.70,58.47,258,3012,/home/ltj/2026urp/vortex_arb/worklogs/trace_runs/run31/gCAWS/kmeans
32,kmeans,p64_f32_c8,9472,feature=8192B clusters=1024B membership=256B,1024,RR,ok,156392,22760,88846,0.256174,5526,4848,30,822,28.40,4,29,89.51,56.57,333,3740,/home/ltj/2026urp/vortex_arb/worklogs/trace_runs/run32/RR/kmeans
32,kmeans,p64_f32_c8,9472,feature=8192B clusters=1024B membership=256B,1024,GTO,ok,135800,22760,70365,0.323456,5474,4813,31,822,28.08,4,30,89.51,56.81,333,3737,/home/ltj/2026urp/vortex_arb/worklogs/trace_runs/run32/GTO/kmeans
32,kmeans,p64_f32_c8,9472,feature=8192B clusters=1024B membership=256B,1024,gCAWS,ok,131318,22760,89309,0.254846,5485,4784,31,822,28.27,4,30,89.51,56.59,333,3731,/home/ltj/2026urp/vortex_arb/worklogs/trace_runs/run32/gCAWS/kmeans
33,kmeans,p64_f32_c8,9472,feature=8192B clusters=1024B membership=256B,4096,RR,ok,156564,22760,90211,0.252297,5448,4814,31,822,28.40,16,30,89.51,56.55,275,3217,/home/ltj/2026urp/vortex_arb/worklogs/trace_runs/run33/RR/kmeans
33,kmeans,p64_f32_c8,9472,feature=8192B clusters=1024B membership=256B,4096,GTO,ok,133562,22760,67740,0.335991,5395,4760,32,822,28.07,16,31,89.51,56.81,275,3196,/home/ltj/2026urp/vortex_arb/worklogs/trace_runs/run33/GTO/kmeans
33,kmeans,p64_f32_c8,9472,feature=8192B clusters=1024B membership=256B,4096,gCAWS,ok,127668,22760,87186,0.261051,5360,4739,32,822,28.19,16,31,89.51,56.66,275,3205,/home/ltj/2026urp/vortex_arb/worklogs/trace_runs/run33/gCAWS/kmeans
34,kmeans,p64_f32_c8,9472,feature=8192B clusters=1024B membership=256B,8192,RR,ok,155603,22760,90122,0.252547,5301,4717,32,822,28.40,32,32,89.51,56.57,265,3146,/home/ltj/2026urp/vortex_arb/worklogs/trace_runs/run34/RR/kmeans
34,kmeans,p64_f32_c8,9472,feature=8192B clusters=1024B membership=256B,8192,GTO,ok,136416,22760,69945,0.325399,5278,4662,33,822,28.14,32,32,89.51,56.76,265,3125,/home/ltj/2026urp/vortex_arb/worklogs/trace_runs/run34/GTO/kmeans
34,kmeans,p64_f32_c8,9472,feature=8192B clusters=1024B membership=256B,8192,gCAWS,ok,128846,22760,89918,0.253120,5287,4701,32,822,28.19,32,32,89.51,56.66,265,3137,/home/ltj/2026urp/vortex_arb/worklogs/trace_runs/run34/gCAWS/kmeans
35,kmeans,p64_f32_c8,9472,feature=8192B clusters=1024B membership=256B,16384,RR,ok,155910,22760,88635,0.256783,5146,4619,34,822,28.41,44,34,89.51,56.57,260,3116,/home/ltj/2026urp/vortex_arb/worklogs/trace_runs/run35/RR/kmeans
35,kmeans,p64_f32_c8,9472,feature=8192B clusters=1024B membership=256B,16384,GTO,ok,133022,22760,69535,0.327317,5137,4627,34,822,27.99,44,34,89.51,56.90,260,3067,/home/ltj/2026urp/vortex_arb/worklogs/trace_runs/run35/GTO/kmeans
35,kmeans,p64_f32_c8,9472,feature=8192B clusters=1024B membership=256B,16384,gCAWS,ok,127230,22760,88736,0.256491,5090,4583,34,822,28.21,44,35,89.51,56.66,260,3108,/home/ltj/2026urp/vortex_arb/worklogs/trace_runs/run35/gCAWS/kmeans
36,kmeans,p64_f32_c8,9472,feature=8192B clusters=1024B membership=256B,32768,RR,ok,151653,22760,88937,0.255911,3129,2640,62,822,28.37,2,60,89.51,56.58,258,3101,/home/ltj/2026urp/vortex_arb/worklogs/trace_runs/run36/RR/kmeans
36,kmeans,p64_f32_c8,9472,feature=8192B clusters=1024B membership=256B,32768,GTO,ok,130325,22760,67287,0.338253,3059,2574,63,822,27.99,2,60,89.51,56.89,258,3058,/home/ltj/2026urp/vortex_arb/worklogs/trace_runs/run36/GTO/kmeans
36,kmeans,p64_f32_c8,9472,feature=8192B clusters=1024B membership=256B,32768,gCAWS,ok,122895,22760,86910,0.261880,3045,2562,63,822,28.23,2,61,89.51,56.62,258,3087,/home/ltj/2026urp/vortex_arb/worklogs/trace_runs/run36/gCAWS/kmeans
37,kmeans,p128_f32_c8,17920,feature=16384B clusters=1024B membership=512B,1024,RR,ok,165663,44848,93356,0.480398,7624,6886,38,950,36.79,4,37,92.15,53.31,365,4319,/home/ltj/2026urp/vortex_arb/worklogs/trace_runs/run37/RR/kmeans
37,kmeans,p128_f32_c8,17920,feature=16384B clusters=1024B membership=512B,1024,GTO,ok,149453,44848,78564,0.570847,7657,6960,37,950,36.13,4,36,92.15,53.89,365,4301,/home/ltj/2026urp/vortex_arb/worklogs/trace_runs/run37/GTO/kmeans
37,kmeans,p128_f32_c8,17920,feature=16384B clusters=1024B membership=512B,1024,gCAWS,ok,139642,44848,93879,0.477721,7566,6877,38,950,36.24,4,37,92.15,54.02,365,4338,/home/ltj/2026urp/vortex_arb/worklogs/trace_runs/run37/gCAWS/kmeans
38,kmeans,p128_f32_c8,17920,feature=16384B clusters=1024B membership=512B,4096,RR,ok,166769,44848,96149,0.466443,7587,6927,37,950,36.57,16,37,92.15,53.23,283,3449,/home/ltj/2026urp/vortex_arb/worklogs/trace_runs/run38/RR/kmeans
38,kmeans,p128_f32_c8,17920,feature=16384B clusters=1024B membership=512B,4096,GTO,ok,151019,44848,79294,0.565591,7547,6862,38,950,36.06,16,37,92.15,54.07,283,3426,/home/ltj/2026urp/vortex_arb/worklogs/trace_runs/run38/GTO/kmeans
38,kmeans,p128_f32_c8,17920,feature=16384B clusters=1024B membership=512B,4096,gCAWS,ok,142974,44848,96102,0.466671,7489,6834,38,950,36.14,16,38,92.15,54.18,283,3440,/home/ltj/2026urp/vortex_arb/worklogs/trace_runs/run38/gCAWS/kmeans
39,kmeans,p128_f32_c8,17920,feature=16384B clusters=1024B membership=512B,8192,RR,ok,168202,44848,96865,0.462995,7527,6903,38,950,36.71,32,37,92.15,53.41,269,3315,/home/ltj/2026urp/vortex_arb/worklogs/trace_runs/run39/RR/kmeans
39,kmeans,p128_f32_c8,17920,feature=16384B clusters=1024B membership=512B,8192,GTO,ok,152059,44848,78284,0.572888,7440,6793,39,950,35.82,32,38,92.15,54.41,269,3316,/home/ltj/2026urp/vortex_arb/worklogs/trace_runs/run39/GTO/kmeans
39,kmeans,p128_f32_c8,17920,feature=16384B clusters=1024B membership=512B,8192,gCAWS,ok,141502,44848,96495,0.464770,7399,6784,39,950,36.14,32,38,92.15,54.12,269,3313,/home/ltj/2026urp/vortex_arb/worklogs/trace_runs/run39/gCAWS/kmeans
40,kmeans,p128_f32_c8,17920,feature=16384B clusters=1024B membership=512B,16384,RR,ok,165091,44848,94459,0.474788,7324,6761,39,950,37.05,64,39,92.15,53.21,262,3265,/home/ltj/2026urp/vortex_arb/worklogs/trace_runs/run40/RR/kmeans
40,kmeans,p128_f32_c8,17920,feature=16384B clusters=1024B membership=512B,16384,GTO,ok,149900,44848,78868,0.568646,7283,6736,39,950,35.89,64,39,92.15,54.20,262,3237,/home/ltj/2026urp/vortex_arb/worklogs/trace_runs/run40/GTO/kmeans
40,kmeans,p128_f32_c8,17920,feature=16384B clusters=1024B membership=512B,16384,gCAWS,ok,141137,44848,93670,0.478787,7303,6760,39,950,36.24,64,39,92.15,53.94,262,3254,/home/ltj/2026urp/vortex_arb/worklogs/trace_runs/run40/gCAWS/kmeans
41,kmeans,p128_f32_c8,17920,feature=16384B clusters=1024B membership=512B,32768,RR,ok,156327,44848,91723,0.488950,4503,3985,64,950,36.47,14,62,92.15,53.71,259,3247,/home/ltj/2026urp/vortex_arb/worklogs/trace_runs/run41/RR/kmeans
41,kmeans,p128_f32_c8,17920,feature=16384B clusters=1024B membership=512B,32768,GTO,ok,144892,44848,76027,0.589896,4416,3891,65,950,35.95,14,63,92.15,54.16,259,3190,/home/ltj/2026urp/vortex_arb/worklogs/trace_runs/run41/GTO/kmeans
41,kmeans,p128_f32_c8,17920,feature=16384B clusters=1024B membership=512B,32768,gCAWS,ok,134642,44848,92574,0.484456,4431,3924,64,950,36.48,14,63,92.15,53.75,259,3218,/home/ltj/2026urp/vortex_arb/worklogs/trace_runs/run41/gCAWS/kmeans
42,sssp,tiny,152,row=28B col+data=72B vectors=48B stop=4B,512,RR,ok,551529,13696,58831,0.232802,2364,1998,8,370,5.24,2,7,85.54,91.20,282,2318,/home/ltj/2026urp/vortex_arb/worklogs/trace_runs/run42/RR/sssp
42,sssp,tiny,152,row=28B col+data=72B vectors=48B stop=4B,512,GTO,ok,680322,13696,60940,0.224746,2326,1968,10,370,5.04,2,9,85.54,91.20,282,2315,/home/ltj/2026urp/vortex_arb/worklogs/trace_runs/run42/GTO/sssp
42,sssp,tiny,152,row=28B col+data=72B vectors=48B stop=4B,512,gCAWS,ok,571824,13696,59706,0.229391,2398,2032,7,370,4.96,2,6,85.54,91.32,282,2326,/home/ltj/2026urp/vortex_arb/worklogs/trace_runs/run42/gCAWS/sssp
43,sssp,tiny,152,row=28B col+data=72B vectors=48B stop=4B,2048,RR,ok,552153,13696,58808,0.232893,2322,1978,9,370,5.24,8,9,85.54,91.16,262,2263,/home/ltj/2026urp/vortex_arb/worklogs/trace_runs/run43/RR/sssp
43,sssp,tiny,152,row=28B col+data=72B vectors=48B stop=4B,2048,GTO,ok,680427,13696,60991,0.224558,2281,1940,11,370,5.00,8,10,85.54,91.24,262,2260,/home/ltj/2026urp/vortex_arb/worklogs/trace_runs/run43/GTO/sssp
43,sssp,tiny,152,row=28B col+data=72B vectors=48B stop=4B,2048,gCAWS,ok,565862,13696,59666,0.229544,2347,2001,8,370,5.00,8,8,85.54,91.32,262,2259,/home/ltj/2026urp/vortex_arb/worklogs/trace_runs/run43/gCAWS/sssp
44,sssp,tiny,152,row=28B col+data=72B vectors=48B stop=4B,8192,RR,ok,553219,13696,58926,0.232427,2243,1925,12,370,5.24,2,12,85.54,91.16,257,2265,/home/ltj/2026urp/vortex_arb/worklogs/trace_runs/run44/RR/sssp
44,sssp,tiny,152,row=28B col+data=72B vectors=48B stop=4B,8192,GTO,ok,680840,13696,61194,0.223813,2214,1902,13,370,5.04,2,13,85.54,91.24,257,2259,/home/ltj/2026urp/vortex_arb/worklogs/trace_runs/run44/GTO/sssp
44,sssp,tiny,152,row=28B col+data=72B vectors=48B stop=4B,8192,gCAWS,ok,565835,13696,59797,0.229042,2274,1957,10,370,5.04,2,11,85.54,91.32,257,2257,/home/ltj/2026urp/vortex_arb/worklogs/trace_runs/run44/gCAWS/sssp
45,sssp,tiny,152,row=28B col+data=72B vectors=48B stop=4B,32768,RR,ok,553191,13696,58913,0.232478,2236,1919,12,370,5.24,2,12,85.54,91.16,256,2265,/home/ltj/2026urp/vortex_arb/worklogs/trace_runs/run45/RR/sssp
45,sssp,tiny,152,row=28B col+data=72B vectors=48B stop=4B,32768,GTO,ok,680834,13696,61182,0.223857,2201,1888,13,370,5.04,2,13,85.54,91.24,256,2259,/home/ltj/2026urp/vortex_arb/worklogs/trace_runs/run45/GTO/sssp
45,sssp,tiny,152,row=28B col+data=72B vectors=48B stop=4B,32768,gCAWS,ok,563755,13696,74782,0.183146,2265,1948,11,370,5.04,2,11,85.54,91.32,256,2257,/home/ltj/2026urp/vortex_arb/worklogs/trace_runs/run45/gCAWS/sssp
46,sssp,star_chain16,432,row=68B col+data=232B vectors=128B stop=4B,512,RR,ok,183447,5992,58838,0.101839,2367,2000,8,370,5.39,2,7,85.56,91.10,282,2337,/home/ltj/2026urp/vortex_arb/worklogs/trace_runs/run46/RR/sssp
46,sssp,star_chain16,432,row=68B col+data=232B vectors=128B stop=4B,512,GTO,ok,275752,5992,60907,0.098379,2338,1982,9,370,5.19,2,8,85.56,91.10,282,2324,/home/ltj/2026urp/vortex_arb/worklogs/trace_runs/run46/GTO/sssp
46,sssp,star_chain16,432,row=68B col+data=232B vectors=128B stop=4B,512,gCAWS,ok,192163,5992,59696,0.100375,2389,2022,7,370,5.12,2,6,85.56,91.25,282,2323,/home/ltj/2026urp/vortex_arb/worklogs/trace_runs/run46/gCAWS/sssp
47,sssp,star_chain16,432,row=68B col+data=232B vectors=128B stop=4B,2048,RR,ok,183432,5992,58811,0.101886,2317,1973,9,370,5.35,8,9,85.56,91.14,261,2260,/home/ltj/2026urp/vortex_arb/worklogs/trace_runs/run47/RR/sssp
47,sssp,star_chain16,432,row=68B col+data=232B vectors=128B stop=4B,2048,GTO,ok,275896,5992,61001,0.098228,2294,1947,11,370,5.19,8,10,85.56,91.10,261,2255,/home/ltj/2026urp/vortex_arb/worklogs/trace_runs/run47/GTO/sssp
47,sssp,star_chain16,432,row=68B col+data=232B vectors=128B stop=4B,2048,gCAWS,ok,187476,5992,58988,0.101580,2330,1988,9,370,5.15,8,9,85.56,91.21,261,2256,/home/ltj/2026urp/vortex_arb/worklogs/trace_runs/run47/gCAWS/sssp
48,sssp,star_chain16,432,row=68B col+data=232B vectors=128B stop=4B,8192,RR,ok,184156,5992,58910,0.101714,2243,1926,12,370,5.35,2,12,85.56,91.14,257,2264,/home/ltj/2026urp/vortex_arb/worklogs/trace_runs/run48/RR/sssp
48,sssp,star_chain16,432,row=68B col+data=232B vectors=128B stop=4B,8192,GTO,ok,274527,5992,61186,0.097931,2214,1901,13,370,5.19,2,13,85.56,91.14,257,2261,/home/ltj/2026urp/vortex_arb/worklogs/trace_runs/run48/GTO/sssp
48,sssp,star_chain16,432,row=68B col+data=232B vectors=128B stop=4B,8192,gCAWS,ok,118568,5992,59816,0.100174,2275,1956,10,370,5.15,2,11,85.56,91.25,257,2257,/home/ltj/2026urp/vortex_arb/worklogs/trace_runs/run48/gCAWS/sssp
49,sssp,star_chain16,432,row=68B col+data=232B vectors=128B stop=4B,32768,RR,ok,184130,5992,58910,0.101714,2236,1920,12,370,5.35,2,12,85.56,91.14,256,2264,/home/ltj/2026urp/vortex_arb/worklogs/trace_runs/run49/RR/sssp
49,sssp,star_chain16,432,row=68B col+data=232B vectors=128B stop=4B,32768,GTO,ok,274593,5992,61185,0.097932,2201,1887,13,370,5.15,2,14,85.56,91.18,256,2258,/home/ltj/2026urp/vortex_arb/worklogs/trace_runs/run49/GTO/sssp
49,sssp,star_chain16,432,row=68B col+data=232B vectors=128B stop=4B,32768,gCAWS,ok,138469,5992,71808,0.083445,2265,1948,11,370,5.15,2,11,85.56,91.25,256,2257,/home/ltj/2026urp/vortex_arb/worklogs/trace_runs/run49/gCAWS/sssp
50,sssp,star_chain64,1776,row=260B col+data=1000B vectors=512B stop=4B,512,RR,ok,188267,5992,58926,0.101687,2385,2012,8,376,5.88,2,7,85.46,90.41,285,2329,/home/ltj/2026urp/vortex_arb/worklogs/trace_runs/run50/RR/sssp
50,sssp,star_chain64,1776,row=260B col+data=1000B vectors=512B stop=4B,512,GTO,ok,277202,5992,60452,0.099120,2361,1998,9,376,5.57,2,8,85.46,90.41,285,2326,/home/ltj/2026urp/vortex_arb/worklogs/trace_runs/run50/GTO/sssp
50,sssp,star_chain64,1776,row=260B col+data=1000B vectors=512B stop=4B,512,gCAWS,ok,187784,5992,58940,0.101663,2418,2046,7,376,5.61,2,6,85.46,90.41,285,2327,/home/ltj/2026urp/vortex_arb/worklogs/trace_runs/run50/gCAWS/sssp
51,sssp,star_chain64,1776,row=260B col+data=1000B vectors=512B stop=4B,2048,RR,ok,189486,5992,58902,0.101728,2340,1982,10,376,5.88,8,9,85.46,90.41,263,2263,/home/ltj/2026urp/vortex_arb/worklogs/trace_runs/run51/RR/sssp
51,sssp,star_chain64,1776,row=260B col+data=1000B vectors=512B stop=4B,2048,GTO,ok,284208,5992,61311,0.097731,2342,1985,10,376,5.57,8,9,85.46,90.41,263,2263,/home/ltj/2026urp/vortex_arb/worklogs/trace_runs/run51/GTO/sssp
51,sssp,star_chain64,1776,row=260B col+data=1000B vectors=512B stop=4B,2048,gCAWS,ok,172219,5992,59815,0.100176,2369,2014,8,376,5.69,8,8,85.46,90.41,263,2268,/home/ltj/2026urp/vortex_arb/worklogs/trace_runs/run51/gCAWS/sssp
52,sssp,star_chain64,1776,row=260B col+data=1000B vectors=512B stop=4B,8192,RR,ok,162647,5992,58969,0.101613,2260,1941,12,376,5.88,2,12,85.46,90.41,258,2264,/home/ltj/2026urp/vortex_arb/worklogs/trace_runs/run52/RR/sssp
52,sssp,star_chain64,1776,row=260B col+data=1000B vectors=512B stop=4B,8192,GTO,ok,279311,5992,61760,0.097021,2241,1925,12,376,5.69,2,13,85.46,90.25,258,2258,/home/ltj/2026urp/vortex_arb/worklogs/trace_runs/run52/GTO/sssp
52,sssp,star_chain64,1776,row=260B col+data=1000B vectors=512B stop=4B,8192,gCAWS,ok,197247,5992,59838,0.100137,2290,1972,10,376,5.76,2,11,85.46,90.33,258,2266,/home/ltj/2026urp/vortex_arb/worklogs/trace_runs/run52/gCAWS/sssp
53,sssp,star_chain64,1776,row=260B col+data=1000B vectors=512B stop=4B,32768,RR,ok,162348,5992,58964,0.101621,2246,1930,12,376,5.88,2,13,85.46,90.41,256,2268,/home/ltj/2026urp/vortex_arb/worklogs/trace_runs/run53/RR/sssp
53,sssp,star_chain64,1776,row=260B col+data=1000B vectors=512B stop=4B,32768,GTO,ok,285146,5992,61751,0.097035,2223,1909,13,376,5.69,2,14,85.46,90.25,256,2258,/home/ltj/2026urp/vortex_arb/worklogs/trace_runs/run53/GTO/sssp
53,sssp,star_chain64,1776,row=260B col+data=1000B vectors=512B stop=4B,32768,gCAWS,ok,195821,5992,59839,0.100135,2261,1945,11,376,5.69,2,12,85.46,90.33,256,2262,/home/ltj/2026urp/vortex_arb/worklogs/trace_runs/run53/gCAWS/sssp
